<?xml version="1.0"?>
<!DOCTYPE hibernate-mapping
PUBLIC "-//Hibernate/Hibernate Mapping DTD 3.0//EN"
"http://hibernate.sourceforge.net/hibernate-mapping-3.0.dtd">
<hibernate-mapping>
  <class name="com.my.web.entity.CustomerVO" table="my_customer" polymorphism="explicit">
    <id name="pk_customer">
    	<generator class="identity"></generator>
    </id>
    <property name="name" type="string" column="name" />
    <property name="dob" type="string" column="dob"/>
    <property name="phoneNumber" type="string" column="phone_number"></property>
    <property name="country" type="string" column="country"></property>
    <property name="sex" type="short" column="sex"></property><!-- 0:male;1:female -->
    <property name="accountID" type="string" column="account_id"></property>
    <property name="username" type="string" column="username"></property>
    <property name="password" type="string" column="password"></property>
    <property name="role" type="string" column="role"></property>
  </class>
</hibernate-mapping>
