<?xml version="1.0"?>
<!DOCTYPE hibernate-mapping
PUBLIC "-//Hibernate/Hibernate Mapping DTD 3.0//EN"
"http://hibernate.sourceforge.net/hibernate-mapping-3.0.dtd">
<hibernate-mapping>
  <class name="com.my.web.entity.OrderVO" table="my_order" polymorphism="explicit">
    <id name="pk_order">
    	<generator class="identity"></generator>
    </id>
    <property name="quantity" type="short" column="quantity"></property>
    <many-to-one name="pk_customer"   
                     column="pk_customer"  
                     class="com.my.web.entity.CustomerVO"  
                     not-null="true"  lazy="false"
                     />
    <many-to-one name="pk_product"   
                     column="pk_product"  
                     class="com.my.web.entity.ProductVO"  
                     not-null="true"  
                     lazy="false"/>   
    <property name="ts" type="date" column="ts"></property>              
  </class>
</hibernate-mapping>
