<?xml version="1.0"?>
<!DOCTYPE hibernate-mapping
PUBLIC "-//Hibernate/Hibernate Mapping DTD 3.0//EN"
"http://hibernate.sourceforge.net/hibernate-mapping-3.0.dtd">
<hibernate-mapping>
  <class name="com.my.web.entity.ProductVO" table="my_product">
    <id name="pk_product">
      <generator class="identity"/>
    </id>
    <property name="name" type="string" column="name" />
    <property name="price" type="double" column="price"/>
    <property name="quantity" type="short" column="quantity"></property>
    <many-to-one name="pk_seller"   
                     column="pk_seller"  
                     class="com.my.web.entity.SellerVO"  
                     not-null="true"  
                     lazy="false"/> 
  </class>
</hibernate-mapping>
