<?xml version="1.0"?>
<!DOCTYPE hibernate-mapping
PUBLIC "-//Hibernate/Hibernate Mapping DTD 3.0//EN"
"http://hibernate.sourceforge.net/hibernate-mapping-3.0.dtd">
<hibernate-mapping>
  <class name="com.my.web.entity.SellerVO" table="my_sellor">
    <id name="pk_sellor">
      <generator class="identity"/>
    </id>
    <property name="name" type="string" column="name" />
    <property name="address" type="string" column="address"/>
    <property name="phoneNumber" type="string" column="phone_number"/>
    <property name="sellerID" type="string" column="seller_id"></property>
    <property name="registerDate" type="string" column="register_date"></property>
  </class>
</hibernate-mapping>
