<?xml version="1.0" encoding="UTF-8"?>
<beans xmlns="http://www.springframework.org/schema/beans"
	xmlns:xsi="http://www.w3.org/2001/XMLSchema-instance" xmlns:context="http://www.springframework.org/schema/context"
	xsi:schemaLocation="http://www.springframework.org/schema/beans
           http://www.springframework.org/schema/beans/spring-beans-3.2.xsd
           http://www.springframework.org/schema/context
           http://www.springframework.org/schema/context/spring-context-3.2.xsd">

	<!-- 当前Spring支持注解 -->
	<context:annotation-config />
	<!-- 设置当前项目的根包 -->
	<context:component-scan base-package="com.my.web" />

	<bean id="propertyConfigurer"
		class="org.springframework.beans.factory.config.PropertyPlaceholderConfigurer">
		<property name="location" value="/WEB-INF/classes/property/jdbc.properties" />
	</bean>

	<!-- 配置数据源 -->
	<bean id="MySqlDataSource" class="org.apache.commons.dbcp.BasicDataSource">
		<property name="driverClassName" value="${driverClassName}"></property>
		<property name="url" value="${url}">
		</property>

		<property name="username" value="${username}"></property>
		<property name="password" value="${password}"></property>
	</bean>
	<!-- 配置数据源结束 -->

	<!-- 配置session工厂 -->
	<bean id="sessionFactory"
		class="org.springframework.orm.hibernate3.annotation.AnnotationSessionFactoryBean">
		<property name="dataSource">
			<ref bean="MySqlDataSource" />
		</property>
		<property name="hibernateProperties">
			<props>
				<prop key="hibernate.dialect">
					org.hibernate.dialect.MySQLDialect
				</prop>
				<prop key="hibernate.show_sql">true</prop>
				<prop key="hibernate.format_sql">true</prop>
				<prop key="hibernate.hbm2ddl.auto">update</prop>
			</props>
		</property>
		<property name="packagesToScan">
			<list>
				<value>com.my.web.entity</value>
			</list>
		</property>
		<property name="mappingLocations">
			<list>
				<value>classpath:/com/my/web/hbm/*.hbm.xml</value>
			</list>
		</property>

	</bean>
	<!-- 事务管理配置 -->
	<bean id="transactionManager"
		class="org.springframework.orm.hibernate3.HibernateTransactionManager">
		<property name="sessionFactory">
			<ref local="sessionFactory" />
		</property>
	</bean>
</beans>